prefix	key	offset
校褋褌邪薪芯胁泻	0x2d6f036d75d789f1	0x858290
校褋褌邪薪芯胁泻	0xa5cd0bf3e36f4743	0x859b68
校褋褌邪薪芯胁泻	0x0133e303bded29ab	0x85a0e8
校褋褌邪薪芯胁谢	0x5dbb5b1fd1039357	0x859e18
校褋褌邪薪芯胁谢	0x2b930f0907032f49	0x85a3e8
校褋褌邪薪芯胁谢	0x55dd8d8151775bd1	0x85a8e0
校写邪谢械薪懈械	0x998521a5b12781c5	0x857790
校写邪谢械薪懈械	0x8761cdb90f0323f9	0x857850
校写邪谢械薪懈械	0x2921abad29c94559	0x858018
校写邪谢械薪懈械	0x4bd12f5955f57de5	0x858218
校写邪谢械薪懈械	0xf79b4d9d8f817f73	0x858a60
校写邪谢械薪懈械	0x298f5f038fbd5d53	0x85a2a0
校写邪谢械薪懈械	0x331b85efd39b2b67	0x85a2c8
校写邪谢械薪懈械	0x536bcb5581734b61	0x85a870
校写邪谢械薪懈械	0xed69a159559f51bd	0x85ab90
袟邪谐褉褍蟹泻邪	0x0dc505f513f12d2d	0x859f38
袟邪谐褉褍卸邪械	0x7991f55d09b5a18f	0x85acd8
袟邪谐褉褍卸械薪	0x93dbcbd9e7bbf973	0x85ace8
小芯褏褉邪薪械薪	0xed030bf9afedd19d	0x858ac8
小芯褏褉邪薪褢薪	0x879b751539874163	0x85a5a0
褋芯褏褉邪薪械薪	0x0725656b8bef4335	0x8575a8
褋芯褏褉邪薪械薪	0x0d1bdda5336f5767	0x857cb8
褋芯褏褉邪薪械薪	0x79ff0da3dd09998d	0x857cf0
褋芯褏褉邪薪械薪	0xafc169edd9a3b993	0x857d20
褋芯褏褉邪薪械薪	0x43d3b5832dc1097b	0x858a88
褋芯褏褉邪薪械薪	0x09e75581e37f113d	0x8589f8
褋芯褏褉邪薪械薪	0xc5850165ebd17bf3	0x858aa0
褋芯褏褉邪薪械薪	0x6d3dbdc77fcb45c5	0x858ae0
褋芯褏褉邪薪械薪	0x1dff35238dcb6965	0x858c98
褋芯褏褉邪薪械薪	0x7fd7196df1db7f3d	0x85a260
褋芯褏褉邪薪械薪	0xcd658f89072f5d47	0x85a318
袧邪褋褌褉芯泄泻	0x05078773b707319b	0x85a180
袠薪褎芯褉屑邪褑	0xedcbf77947cfdb3b	0x8598a0
袠薪褎芯褉屑邪褑	0xb7695b379fe16363	0x85a460
袠薪褎芯褉屑邪褑	0xc98b433b154591f5	0x85a4c0
袠薪褎芯褉屑邪褑	0x29f5832bb1159713	0x85a4f0
袠薪褎芯褉屑邪褑	0x05a1859fc91faf51	0x85abb0
袠薪褎芯褉屑邪褑	0xdd05515d8525233f	0x85b060
懈薪褎芯褉屑邪褑	0x5571470d9d0d6523	0x859ee0
袟邪胁械褉褕械薪	0xdb338d1929fdc993	0x85aac8
肖芯褉褋懈褉芯胁	0x1dd7098fc98121fd	0x8597c0
肖芯褉褋懈褉芯胁	0x9701c9671dcf911d	0x85a498
袙芯褋褋褌邪薪芯	0x9f15c9a33b2d0d6f	0x857d68
芯褕懈斜泻邪:	0x2de1b3e54b8fe961	0x8599d8
薪械 褍写邪谢芯	0xc9c379c7b76d8db5	0x858d20
锌芯褋褘谢邪械屑	0xb5235d29a90b1715	0x858c18
袧邪泄写械薪芯	0x27d1e363737fbba9	0x8575d0
袩褉芯胁械褉泻邪	0xefc9f7495d2fc567	0x859938
袩褉芯胁械褉泻邪	0x6bbda3b733f199cf	0x85a230
袩褉芯胁械褉褟褞	0x8d0f5103d199b973	0x8598f0
袩褉芯褋屑芯褌褉	0xc367335909bdbb4b	0x858fa8
袩褉芯褋屑芯褌褉	0xa989514905cf638f	0x859bb0
芯斜薪芯胁谢械薪	0xe34defc71b53b787	0x859a68
芯斜薪芯胁谢械薪	0xc5c90dcb21b7db71	0x85acb0
芯斜薪芯胁谢械薪	0x49b763e7298b2709	0x85ad20
芯斜薪芯胁谢械薪	0xed2351b3455fab17	0x85ad68
小胁芯斜芯写薪芯	0xabe1412985df8513	0x858c28
锌褉懈胁褟蟹泻懈	0x559909ffd3d3b7ff	0x858d40
袪邪蟹屑械褉:	0x9dcfc3b1450b25cd	0x857c08
褏褉邪薪懈谢懈褖	0xf5f5c57fd3e517c5	0x858c10
懈谐褉褘	0xb515639d1f513507	0x8fbbe0
锌邪褉邪屑械褌褉	0x879b751539874163	0x85a5a8
邪褉谐褍屑械薪褌	0x872deb877559312b	0x85b0b0
蟹薪邪褔械薪懈械	0x15697f77f729ab49	0x85baa0
蟹薪邪褔械薪懈械	0x69e7c3df9353fb03	0x85a550
